'InvCoshPar_uu_width','InvCoshPar_ud_width','InvCoshPar_us_width','InvCoshPar_ss_width'
-0.107257,-0.0352528,0.139465,0.0345866
-0.190757,-0.0762858,0.0921775,0.0312565
-0.287491,-0.288089,0.140443,0.22034
-0.408228,-0.427553,0.383296,0.305608
-0.529189,-0.468862,0.438937,0.424584
-0.487395,-0.481447,0.290819,0.415617
-0.608574,-0.448148,0.34895,0.482351
-0.548252,-0.379187,0.267219,0.497666
-0.637061,-0.274297,-0.00676864,0.471466
-0.738584,-0.200401,-0.160852,0.498598
-0.769077,-0.0419943,-0.0130251,0.540941
-0.705597,-0.214405,-0.116329,0.742333
-0.662806,-0.372084,-0.252351,0.649659
-0.714765,-0.360091,-0.242659,0.799276
-0.653287,-0.354435,-0.105799,0.690493
-0.729843,-0.224145,-0.0454596,0.634318
-0.679366,-0.11323,-0.0785294,0.688838
-0.732792,-0.150353,-0.16827,0.881592
-0.712254,-0.285049,-0.210175,0.953541
-0.635674,-0.276917,-0.0748531,0.928202
-0.632309,-0.257499,-0.026577,0.858475
-0.646404,-0.0287986,-0.238284,0.864857
-0.674591,-0.141569,-0.316947,0.859335
-0.696077,-0.24479,-0.411249,0.836086
-0.705549,-0.153592,-0.343309,0.855943
-0.775458,-0.0467198,-0.400655,0.818625
-0.651341,-0.125565,-0.545317,0.861191
-0.670519,-0.301437,-0.54337,0.87146
-0.634381,-0.228452,-0.413809,0.821995
-0.654593,-0.310249,-0.296993,0.876149
-0.721966,-0.294049,-0.297907,0.732749
-0.712062,-0.266311,-0.419741,0.794783
-0.635259,-0.298361,-0.584983,0.829118
-0.576409,-0.311986,-0.521609,0.833131
-0.780459,-0.135518,-0.648913,0.658542
-0.722363,-0.0480588,-0.498793,0.752675
-0.821173,-0.0226212,-0.47721,0.845654
-0.654528,0.255485,-0.287927,0.869725
-0.679109,0.499202,-0.137069,1.01712
-0.714788,0.434165,-0.0823346,0.983281
-0.726433,0.185143,0.149852,0.978971
-0.685726,0.283679,0.225664,0.859989
-0.622141,0.089752,0.0902092,0.889843
-0.615231,0.101485,0.146841,0.948238
-0.615231,0.101485,0.146841,0.948238
-0.737331,0.297131,0.136863,0.778192
-0.692679,0.458041,-0.0249665,0.84954
-0.67781,0.442615,-0.0542133,0.941708
-0.694997,0.281613,-0.128786,1.05601
-0.745985,0.0680173,0.0180127,1.11276
-0.706386,0.0690974,0.0805845,1.01527
-0.689856,0.151739,0.114486,0.844853
-0.681273,0.144166,0.21804,0.827335
-0.583951,0.273239,0.336177,0.729685
-0.65543,0.294711,0.41254,0.768602
-0.49274,0.349164,0.525217,0.589425
-0.49274,0.349164,0.525217,0.589425
-0.49274,0.349164,0.525217,0.589425
-0.425614,0.287298,0.443279,0.522017
-0.430213,0.265459,0.609941,0.498926
-0.459592,0.390119,0.475959,0.522526
-0.558821,0.318081,0.35466,0.57378
-0.525659,0.319144,0.409701,0.619841
-0.506505,0.364725,0.475625,0.541312
-0.5113,0.296066,0.554002,0.512024
-0.536291,0.344975,0.65583,0.708313
-0.573596,0.46664,0.759492,0.716983
-0.653517,0.31382,0.646492,0.789011
-0.456651,0.272716,0.616064,0.681896
-0.522518,0.27359,0.596125,0.69379
-0.515641,0.344638,0.598225,0.651687
-0.528657,0.503967,0.605265,0.593403
-0.603216,0.583961,0.58604,0.598335
-0.603216,0.583961,0.58604,0.598335
-0.607436,0.517333,0.603633,0.643697
-0.699376,0.658147,0.272288,0.742254
-0.576381,0.728547,0.0683389,0.685949
-0.692077,0.726007,0.118088,0.404308
-0.550606,0.809506,0.166427,0.439154
-0.541042,0.922999,0.0911866,0.525141
-0.541042,0.922999,0.0911866,0.525141
-0.550208,0.954118,0.19735,0.472573
-0.657808,1.06522,0.280774,0.616293
-0.732921,1.13954,0.505159,0.571897
-0.704318,1.04166,1.02838,0.642083
-0.722127,1.0185,0.927998,0.597427
-0.494467,1.03187,1.21519,0.732185
-0.496854,1.11413,1.04925,0.61672
-0.510777,1.14017,0.859795,0.674121
-0.679681,1.29888,0.88639,0.702949
-0.779422,1.093,0.864804,0.688303
-0.636489,1.15442,0.851468,0.508015
-0.761079,1.18204,0.995754,0.406983
-0.680093,1.18012,0.886937,0.455264
-0.478646,1.19581,1.10234,0.534717
-0.483831,1.35911,1.20206,0.587286
-0.658977,1.28813,1.235,0.522778
-0.662556,1.24637,1.29964,0.582377
-0.548202,1.29534,1.29354,0.799619
-0.497893,1.27241,1.31094,0.716014
-0.596861,1.13973,1.1943,0.714825
-0.583995,0.959884,0.953836,0.525061
-0.68728,0.797411,0.890232,0.47251
-0.667861,0.652876,0.874349,0.519912
-0.728803,0.577459,0.790719,0.774591
-0.717383,0.710314,0.722547,0.680017
-0.795614,0.823783,0.666037,0.460863
-0.712671,0.803422,0.771668,0.524702
-0.740776,0.799349,0.600651,0.550994
-0.777076,0.914711,0.823679,0.477152
-0.668046,0.732704,0.931922,0.513978
-0.772529,0.775586,0.832406,0.480371
-0.686461,0.77376,1.17671,0.752904
-0.681844,0.799178,1.21365,0.676494
-0.681844,0.799178,1.21365,0.676494
-0.737963,0.993589,1.14596,0.66447
-0.67311,1.12348,1.05146,0.549803
-0.602826,1.01662,1.08871,0.701611
-0.606476,1.09487,1.10158,0.674151
-0.598148,1.07069,1.36567,0.605391
-0.720806,0.946783,1.60065,0.442986
-0.682803,0.88649,1.54898,0.434403
-0.682803,0.88649,1.54898,0.434403
-0.682803,0.88649,1.54898,0.434403
-0.682803,0.88649,1.54898,0.434403
-0.682803,0.88649,1.54898,0.434403
-0.711222,0.729375,1.40804,0.337657
-0.755755,0.787376,1.64954,0.38909
-0.666656,0.8211,1.37588,0.588699
-0.666656,0.8211,1.37588,0.588699
-0.631287,0.927685,1.44653,0.648783
-0.631287,0.927685,1.44653,0.648783
-0.605943,1.02513,1.21469,0.66755
-0.587643,1.25834,1.24092,0.765274
-0.68104,1.18625,1.15268,0.664875
-0.64806,1.03986,1.15235,0.52865
-0.736466,0.89129,1.38988,0.69881
-0.741276,0.806026,1.54874,0.624775
-0.618979,0.878842,1.69114,0.559033
-0.740494,0.820233,1.72431,0.611285
-0.740494,0.820233,1.72431,0.611285
-0.673414,0.760455,1.55198,0.791888
-0.747231,0.812008,1.35136,0.900414
-0.794694,0.681814,1.22579,0.70711
-0.685152,0.657313,1.21199,0.751305
-0.678779,0.768102,1.36813,0.752797
-0.723123,0.676959,1.46582,0.711528
-0.705182,0.594657,1.39358,0.479517
-0.705182,0.594657,1.39358,0.479517
-0.731279,0.665668,1.46281,0.55171
-0.666412,0.764155,1.53856,0.546093
-0.658301,1.09352,1.34955,0.479043
-0.651906,0.954416,1.28092,0.589718
-0.684891,0.936606,1.27977,0.544637
-0.668963,0.958069,1.40576,0.459981
-0.700557,0.719628,0.978584,0.390269
-0.787125,0.875674,0.970864,0.537031
-0.740561,0.823394,1.02797,0.59437
-0.66418,0.926077,1.03145,0.571001
-0.731523,0.837364,1.11062,0.496821
-0.746853,0.867212,1.17632,0.521376
-0.646399,0.795637,1.10173,0.470917
-0.7347,0.840679,0.966228,0.477555
-0.738452,0.782251,0.814483,0.604293
-0.715701,0.833991,0.924755,0.671193
-0.725771,0.793913,1.12087,0.733932
-0.695414,0.675036,1.20045,0.68963
-0.678559,0.766619,1.15975,0.641956
-0.567118,0.99136,1.25685,0.710547
-0.531194,1.14828,1.2808,0.69171
-0.525468,1.29631,1.09328,0.717582
-0.628177,1.31335,1.11905,0.554725
-0.630748,0.922934,1.26416,0.448251
-0.669392,0.774188,1.36603,0.4251
-0.693762,0.933712,1.38045,0.361511
-0.669469,0.666922,1.19725,0.553113
-0.647078,0.66247,1.01701,0.644321
-0.581041,0.619169,0.822877,0.642657
-0.639884,0.621821,0.763563,0.656717
-0.580983,0.664681,0.695061,0.533894
-0.479741,0.694471,0.806994,0.553425
-0.596842,0.429274,0.88443,0.687877
-0.535609,0.296612,1.06853,0.546546
-0.363779,0.354833,0.676015,0.491963
-0.442746,0.513417,0.690644,0.515705
-0.398942,0.414443,0.701261,0.295543
-0.555948,0.578877,0.880657,0.382247
-0.659238,0.699317,1.13171,0.557981
-0.731641,0.626942,1.08725,0.327861
-0.692198,0.554473,1.02326,0.179145
-0.668228,0.576454,1.10163,0.21003
-0.708485,0.730748,1.38942,0.193796
-0.659105,0.487777,1.4289,0.455341
-0.654819,0.547427,1.32563,0.48082
-0.657013,0.452036,1.34811,0.584189
-0.662741,0.411285,1.15906,0.608212
-0.50189,0.390492,0.931042,0.295386
-0.405226,0.432364,0.801919,0.411245
-0.372659,0.468353,0.83484,0.333857
-0.365714,0.229715,0.80471,0.313005
-0.339645,0.414259,0.857431,0.423717
-0.397104,0.370536,0.857819,0.490221
-0.397104,0.370536,0.857819,0.490221
-0.500395,0.299248,0.824097,0.694275
-0.415576,0.294308,0.886086,0.615879
-0.488901,0.386736,0.883083,0.654202
-0.548296,0.35851,0.90867,0.716131
-0.554453,0.511034,0.801417,0.679929
-0.650108,0.495166,0.775892,0.718702
-0.722866,0.506593,0.77411,0.763721
-0.722866,0.506593,0.77411,0.763721
-0.560036,0.671427,0.604433,0.490432
-0.633831,1.12101,0.766814,0.475309
-0.64076,1.24642,0.588759,0.429441
-0.582484,1.21016,0.509086,0.341919
-0.561182,1.2055,0.459225,0.278693
-0.517145,1.17603,0.407798,0.362753
-0.586913,1.06143,0.405128,0.338498
-0.712485,1.13269,0.581701,0.0902174
-0.567151,1.48789,0.637676,-0.014885
-0.567151,1.48789,0.637676,-0.014885
-0.61557,1.53403,0.863324,0.347137
-0.616157,1.48752,0.885887,0.274531
-0.616157,1.48752,0.885887,0.274531
-0.685156,1.63687,0.806399,0.319488
-0.553509,1.55598,0.797081,0.407789
-0.553509,1.55598,0.797081,0.407789
-0.514589,1.50944,0.692815,0.424351
-0.610799,1.39376,0.98795,0.598301
-0.493471,1.45677,0.947189,0.582772
-0.638086,1.40721,0.938751,0.381902
-0.638086,1.40721,0.938751,0.381902
-0.618597,1.41922,1.10219,0.408333
-0.64459,1.33787,1.08871,0.461604
-0.647958,1.19136,1.05975,0.462858
-0.588418,1.12973,1.05005,0.658974
-0.550961,1.09408,1.11051,0.63743
-0.643345,1.17627,1.15859,0.523372
-0.595222,1.05294,1.0336,0.627783
-0.570335,1.07391,1.01865,0.505462
-0.665383,1.28633,1.04333,0.467018
-0.610889,1.36852,0.986159,0.602604
-0.619477,1.34642,0.826976,0.77525
-0.589329,1.29168,0.982044,0.758352
-0.435313,1.26299,1.00603,0.755715
-0.520619,1.29598,0.900062,0.735003
-0.637846,1.55923,0.872901,0.682637
-0.591046,1.5284,0.999269,0.729076
-0.591046,1.5284,0.999269,0.729076
-0.723065,1.56676,1.14687,0.64102
-0.662406,1.32911,1.03834,0.420064
-0.603534,1.41452,0.917454,0.474277
-0.600444,1.38514,0.852236,0.347306
-0.584338,1.45291,0.73054,0.23227
-0.584338,1.45291,0.73054,0.23227
-0.607719,1.5247,0.760679,0.293035
-0.601654,1.55174,0.748763,0.288105
-0.601654,1.55174,0.748763,0.288105
-0.588553,1.44787,0.777239,0.155152
-0.542862,1.40786,0.751903,0.232018
-0.682489,1.32923,0.653311,-0.0194028
-0.621339,1.30345,0.812104,0.227036
-0.627756,1.19604,0.63606,0.0995428
-0.667921,1.08006,0.573083,0.125803
-0.602915,1.17489,0.525348,0.304731
-0.50893,1.16768,0.438186,0.390397
-0.572538,1.10133,0.431101,0.377332
-0.572538,1.10133,0.431101,0.377332
-0.571323,1.10478,0.449791,0.348036
-0.584184,1.12923,0.4456,0.249
-0.504717,1.10672,0.370223,0.119838
-0.579584,1.11696,0.417442,0.123079
-0.600687,0.795436,0.125641,0.201738
-0.619944,0.803578,0.156882,0.104198
-0.562397,0.88826,0.16489,0.221751
-0.637977,0.858431,0.333998,0.16903
-0.653462,0.670851,0.33304,0.233982
-0.629341,0.610613,0.35414,0.341032
-0.626842,0.62217,0.184968,0.472604
-0.772024,0.412496,0.239492,0.812481
-0.689941,0.429525,0.417162,0.909315
-0.658027,0.366938,0.404914,0.833142
-0.695678,0.397987,0.408776,0.85228
-0.739011,0.270133,0.270365,1.00447
-0.661969,0.173561,0.276692,0.940098
-0.61837,0.152699,0.542539,0.779925
-0.512202,0.130887,0.763742,0.755181
-0.546869,0.268919,0.553985,0.6359
-0.557067,0.102448,0.469474,0.646776
-0.50702,0.202703,0.303025,0.624257
-0.613292,0.168239,0.416656,0.692048
-0.503592,-0.00310717,0.374864,0.639061
-0.645387,-0.0893059,0.264888,0.759506
-0.61432,-0.0882442,0.209378,0.806165
-0.73181,0.0859462,0.11578,0.849136
-0.824746,0.0978568,0.0497525,0.710025
-0.756952,0.0571809,0.136138,0.569069
-0.755811,-0.0744155,0.0759982,0.55902
-0.614618,0.167722,0.206867,0.588762
-0.679387,0.0373792,0.213962,0.75164
-0.744635,0.0646363,-0.0112713,0.763187
-0.655125,-0.207534,0.0794406,0.7152
-0.604749,-0.0287613,0.238956,0.924028
-0.671654,0.150886,0.348005,0.921685
-0.671654,0.150886,0.348005,0.921685
-0.513027,0.154626,0.520411,0.623733
-0.56264,0.236037,0.421883,0.394831
-0.690165,0.231354,0.15108,0.292257
-0.62764,0.227407,0.192224,0.423811
-0.763335,0.00976665,0.163427,0.257594
-0.555642,0.170436,0.335941,0.288032
-0.449436,0.284218,0.425368,0.293959
-0.464697,0.341326,0.328117,0.136325
-0.656186,0.422603,0.674354,0.149345
-0.617411,0.458007,0.727828,0.10564
-0.511513,0.340291,0.928066,0.12457
-0.517426,0.218614,0.825334,0.0996977
-0.559282,0.209799,0.91875,0.0920291
-0.698836,0.0815711,1.02111,0.0491567
-0.728253,-0.0081953,1.08813,0.00368536
-0.742999,-0.0175784,1.00147,0.0787997
-0.641838,0.131648,1.12088,0.178767
-0.602771,0.188556,1.25079,0.261397
-0.548277,0.259907,1.18772,0.48404
-0.535676,0.164234,0.995738,0.646587
-0.574239,0.277285,0.992464,0.706214
-0.625544,0.148518,1.13338,0.717072
-0.6451,0.0539791,1.1282,0.665377
-0.567217,0.201377,1.05519,0.59841
-0.606554,0.193355,0.997792,0.677247
-0.607503,0.395119,0.959195,0.756537
-0.607503,0.395119,0.959195,0.756537
-0.678234,0.449082,0.995681,0.706899
-0.678234,0.449082,0.995681,0.706899
-0.716209,0.152347,1.08894,0.712244
-0.678796,0.254643,1.18497,0.604032
-0.665301,0.181636,1.2167,0.676214
-0.722077,0.475354,1.25177,0.722553
-0.746608,0.628611,1.22968,0.714163
-0.764502,0.621578,1.12696,0.70976
-0.707708,0.507473,1.04718,0.692048
-0.58454,0.330903,1.13709,0.646355
-0.563882,0.26095,1.21233,0.481987
-0.578576,0.292196,1.08601,0.639438
-0.618839,0.304995,1.19699,0.657003
-0.618839,0.304995,1.19699,0.657003
-0.595779,0.25319,1.24224,0.527445
-0.634461,0.333709,1.16882,0.523366
-0.607271,0.381722,1.2529,0.388363
-0.626647,0.432588,1.15333,0.286114
-0.471474,0.407113,1.1097,0.521117
-0.471474,0.407113,1.1097,0.521117
-0.510342,0.461831,0.858817,0.36392
-0.612113,0.708136,0.785228,0.469646
-0.594435,0.661366,0.791461,0.498216
-0.659953,0.620365,0.777768,0.366074
-0.769793,0.721211,0.874986,0.350914
-0.848184,0.96623,0.794134,0.444758
-0.799337,0.941926,1.00029,0.59212
-0.857444,0.916119,0.831343,0.535427
-0.731109,0.766733,0.997453,0.474491
-0.743149,0.801247,1.02205,0.542515
-0.722152,0.814564,0.988779,0.465893
-0.748707,0.682915,0.8645,0.456781
-0.771681,0.708617,0.784619,0.444697
-0.77321,0.847001,0.877488,0.501007
-0.704444,0.662736,0.963982,0.40781
-0.699842,0.609831,1.10637,0.568329
-0.769639,0.855448,1.19967,0.72105
-0.720274,0.830606,0.933184,0.694046
-0.759463,0.800183,0.820679,0.715306
-0.771111,0.966477,0.646423,0.492845
-0.734991,1.03234,0.542774,0.442919
-0.795929,0.872112,0.657997,0.438151
-0.784441,0.729137,0.767431,0.383097
-0.646533,0.676956,0.610724,0.509056
-0.597427,0.63699,0.661315,0.489386
-0.571135,0.545446,0.708517,0.570537
-0.52817,0.579463,0.604698,0.392088
-0.549251,0.534677,0.796481,0.358302
-0.460358,0.578745,0.72651,0.323843
-0.487488,0.412205,0.716043,0.206904
-0.431938,0.0679356,0.856883,0.454086
-0.538159,0.123116,0.879873,0.145677
-0.614735,0.102016,0.952281,0.25839
-0.530517,0.164325,0.890367,0.136957
-0.602457,0.334346,0.818177,-0.0118509
-0.655644,0.299968,0.823437,-0.0848301
-0.645478,0.352996,0.935768,0.0751124
-0.539631,0.436847,1.08189,0.209305
-0.539631,0.436847,1.08189,0.209305
-0.616363,0.337281,1.07289,0.195526
-0.616363,0.337281,1.07289,0.195526
-0.616363,0.337281,1.07289,0.195526
-0.501463,0.103513,1.13005,0.543488
-0.530476,-0.0963693,1.11474,0.430543
-0.646139,-0.228877,1.23812,0.276825
-0.590099,-0.0497675,1.09027,0.393554
-0.590099,-0.0497675,1.09027,0.393554
-0.590099,-0.0497675,1.09027,0.393554
-0.606941,-0.0313002,1.04881,0.537443
-0.524595,-0.0856674,0.897642,0.427989
-0.520719,0.0155083,0.844921,0.53778
-0.483926,-0.00497532,0.833476,0.461771
-0.566713,-0.0447158,0.899426,0.338295
-0.594394,-0.124093,1.15794,0.310841
-0.56419,0.109876,1.15918,0.431622
-0.56419,0.109876,1.15918,0.431622
-0.56419,0.109876,1.15918,0.431622
-0.588626,0.224975,1.16451,0.504917
-0.574233,0.127764,1.24986,0.586558
-0.572117,0.336429,1.04884,0.59575
-0.559165,0.222671,1.10111,0.660567
-0.559165,0.222671,1.10111,0.660567
-0.618273,0.234671,1.13356,0.678782
-0.575674,0.257066,1.11472,0.669484
-0.637867,0.415512,1.19132,0.718979
-0.617931,0.502533,1.03301,0.657183
-0.617931,0.502533,1.03301,0.657183
-0.617931,0.502533,1.03301,0.657183
-0.613213,0.330477,1.17313,0.64873
-0.659404,0.277592,1.27885,0.65635
-0.643552,0.315082,1.19383,0.701687
-0.660808,0.164242,1.10915,0.76114
-0.721302,0.244778,1.00175,0.761554
-0.663283,0.365755,1.11509,0.662991
-0.727274,0.489794,1.23687,0.632472
-0.704868,0.431364,1.24019,0.722987
-0.503439,0.344549,1.04701,0.680755
-0.662728,0.555335,0.888257,0.792199
-0.677676,0.417825,0.937143,0.681097
-0.62043,0.458307,1.08673,0.559579
-0.607099,0.402728,0.986027,0.710506
-0.483026,0.323321,0.856898,0.639174
-0.487619,0.529476,0.762394,0.639952
-0.526691,0.431414,0.864967,0.609971
-0.791829,0.744916,0.680164,0.578812
-0.686629,0.744236,0.868688,0.459283
-0.618434,0.762265,0.92698,0.523987
-0.608423,0.478678,1.03596,0.385373
-0.760634,0.393771,1.41226,0.41179
-0.770355,0.471905,1.49232,0.433122
-0.695044,0.648499,1.55049,0.345299
-0.7063,0.29331,1.42176,0.359208
-0.67459,0.243158,1.30505,0.396359
-0.676739,0.248745,1.29197,0.56817
-0.679364,0.39813,1.22502,0.590141
-0.600561,0.46672,1.02519,0.570279
-0.592911,0.44171,1.20791,0.302237
-0.448434,0.482655,0.8709,0.264443
-0.519975,0.36073,0.819913,0.254983
-0.592984,0.367351,0.834956,0.177827
-0.592984,0.367351,0.834956,0.177827
-0.463009,0.343088,1.0372,0.142318
-0.463009,0.343088,1.0372,0.142318
-0.562079,0.181068,0.853115,0.060896
-0.578605,0.226576,0.89707,0.011479
-0.578605,0.226576,0.89707,0.011479
-0.48223,0.268102,0.665703,0.100506
-0.568601,0.12043,0.455505,-0.161678
-0.468331,0.198143,0.496362,-0.0567755
-0.597944,0.363353,0.518691,0.0720044
-0.6106,0.412388,0.549213,0.160808
-0.53331,0.472711,0.561381,0.370744
-0.559417,0.59776,0.469861,0.363004
-0.611229,0.69333,0.451344,0.444493
-0.613719,0.631087,0.569168,0.471576
-0.658546,0.719987,0.470749,0.632081
-0.646728,0.668944,0.565875,0.564556
-0.720377,0.610126,0.571795,0.285038
-0.672604,0.543545,0.643778,0.262761
-0.678276,0.644578,0.640586,0.417249
-0.583508,0.899915,0.345566,0.538753
-0.630679,0.948143,0.287499,0.62193
-0.630679,0.948143,0.287499,0.62193
-0.628094,0.951605,0.298944,0.504336
-0.566793,0.854241,0.172267,0.534212
-0.624657,0.893182,0.276415,0.511328
-0.81116,0.989973,0.578358,0.411028
-0.744138,1.07566,0.535934,0.336807
-0.700785,1.004,0.531719,0.501103
-0.623554,1.09158,0.370826,0.57545
-0.683085,1.05188,0.603851,0.472805
-0.63744,1.25382,0.701198,0.621828
-0.671298,1.50175,0.847792,0.491943
-0.597367,1.64484,0.79912,0.686752
-0.597367,1.64484,0.79912,0.686752
-0.610485,1.42997,0.760176,0.707608
-0.568703,1.24649,0.85127,0.613725
-0.628197,1.22376,0.980766,0.846609
-0.500532,1.22868,1.08483,0.962015
-0.629193,1.29496,0.892405,1.03461
-0.518661,1.22787,0.800258,0.938263
-0.518661,1.22787,0.800258,0.938263
-0.542535,1.28794,0.98064,0.879731
-0.629798,1.23104,1.033,1.01052
-0.592234,1.27065,1.09833,0.958738
-0.581898,1.29429,1.07264,0.645038
-0.721311,1.48763,1.15027,0.3833
-0.602501,1.5085,1.03796,0.263248
-0.63443,1.50353,1.00194,0.248289
-0.640819,1.49072,1.07519,0.499194
-0.640819,1.49072,1.07519,0.499194
-0.629983,1.49855,1.12819,0.545792
-0.630679,1.48768,1.07832,0.376252
-0.561108,1.63178,0.951788,0.542901
-0.698857,1.26396,0.849722,0.466645
-0.74533,1.24776,0.901269,0.511407
-0.617712,1.16462,0.836618,0.43811
-0.502955,1.14775,1.00255,0.618222
-0.646591,1.04147,1.04929,0.54507
-0.682601,1.27453,1.1154,0.299272
-0.647556,1.37765,0.938125,0.220342
-0.528226,1.36192,0.89268,0.570092
-0.583519,1.38903,0.82429,0.604094
-0.52525,1.48844,0.86162,0.616191
-0.615739,1.52458,0.816775,0.600501
-0.517031,1.3965,0.946458,0.452233
-0.656124,1.41597,0.755788,0.513585
-0.555477,1.43432,0.694588,0.468695
-0.492289,1.50039,0.758084,0.401974
-0.504183,1.40002,0.768281,0.422685
-0.578872,1.34407,0.902112,0.484739
-0.522119,1.38779,0.677885,0.462209
-0.516116,1.39983,0.719814,0.529362
-0.429589,1.31436,0.943881,0.831811
-0.429589,1.31436,0.943881,0.831811
-0.454359,1.31113,1.00045,0.759438
-0.448221,1.23421,1.17483,0.821484
-0.435601,1.28436,0.86393,0.879827
-0.536159,1.2999,0.869564,1.04051
-0.673667,1.2483,0.859406,1.01313
-0.596124,1.15421,0.996486,0.889046
-0.596124,1.15421,0.996486,0.889046
-0.618213,1.08323,1.02981,0.852764
-0.657389,1.06639,1.07147,0.777839
-0.703149,0.87298,1.00815,0.478013
-0.623645,0.953156,1.06396,0.578615
-0.578546,1.07277,1.00596,0.760241
-0.750252,1.06524,1.27349,0.815821
-0.581333,0.908505,1.13487,0.788545
-0.794857,0.789404,1.01463,0.80449
-0.794857,0.789404,1.01463,0.80449
-0.794857,0.789404,1.01463,0.80449
-0.721331,0.799354,1.05824,0.619239
-0.672951,0.893984,1.20392,0.560502
-0.661287,0.912374,1.18269,0.57943
-0.624412,0.95456,1.23816,0.608638
-0.680111,0.947644,1.23123,0.655529
-0.683125,0.896706,1.19523,0.490544
-0.683125,0.896706,1.19523,0.490544
-0.677408,1.02962,1.02411,0.595125
-0.730103,1.06009,1.03818,0.618756
-0.574146,1.19106,1.01908,0.4529
-0.632391,1.2725,0.985233,0.443615
-0.578451,1.16494,1.19507,0.622687
-0.596248,0.982161,1.25149,0.605593
-0.598302,1.1431,1.50689,0.558154
-0.641141,1.23508,1.41671,0.67563
-0.612322,1.28095,1.25021,0.75658
-0.754942,1.05466,0.972331,0.745862
-0.73852,1.08956,0.866422,0.682484
-0.720174,0.967782,1.0658,0.650396
-0.75107,0.967054,0.960367,0.822203
-0.733275,0.971432,1.03688,0.725832
-0.628661,1.18152,1.03522,0.892397
-0.784931,1.11831,1.01138,0.524255
-0.721372,1.11819,0.807196,0.320299
-0.730181,1.22167,0.723295,0.223188
-0.726273,1.17041,0.647738,0.269315
-0.764103,1.11207,0.626827,0.271944
-0.572025,1.14165,0.814015,0.430891
-0.579986,1.09838,0.755891,0.380618
-0.671227,1.1265,0.73063,0.573196
-0.661223,1.1558,1.04859,0.586522
-0.541418,0.978095,1.11321,0.513877
-0.749467,0.916368,1.14599,0.339908
-0.61026,0.991667,0.99192,0.478219
-0.795722,0.947364,0.940771,0.834867
-0.572232,1.08723,0.847486,0.833978
-0.594065,1.17213,1.19907,0.865355
-0.614954,1.09214,0.998478,0.771167
-0.571939,1.26287,0.877859,0.77075
-0.575961,1.31332,0.790587,0.801672
-0.524709,1.31223,0.72818,0.804632
-0.59208,1.3958,0.73657,0.638804
-0.67454,1.20412,0.688675,0.527738
-0.562366,1.32081,0.739536,0.548771
-0.612021,1.3403,0.799923,0.417611
-0.531996,1.3625,0.759304,0.586814
-0.571358,1.51269,0.856398,0.613082
-0.623126,1.51891,0.812827,0.608522
-0.657994,1.30487,0.968881,0.443599
-0.657994,1.30487,0.968881,0.443599
-0.576961,1.27363,0.996419,0.550493
-0.567702,1.26537,0.984078,0.526297
-0.662038,1.29257,1.2104,0.449912
-0.652988,1.40313,0.960644,0.490553
-0.584911,1.37982,1.1094,0.582905
-0.568938,1.3251,1.12663,0.749355
-0.503352,1.09799,1.01761,0.603334
-0.655458,1.24931,1.14457,0.451567
-0.72803,1.2299,0.98478,0.529167
-0.623208,1.29064,1.07024,0.525228
-0.635798,0.957183,1.13708,0.355981
-0.768239,0.806798,1.08465,0.435832
-0.74416,0.863891,1.06508,0.499024
-0.742149,0.840258,1.07686,0.42767
-0.742149,0.840258,1.07686,0.42767
-0.747755,0.850065,0.983622,0.414969
-0.71337,1.01241,1.16027,0.374764
-0.578616,0.950682,1.17313,0.658484
-0.738825,0.856537,1.38659,0.706191
-0.720335,0.766353,1.4133,0.768319
-0.662927,0.685544,1.36692,0.726962
-0.646738,0.716155,1.41623,0.571507
-0.708579,0.879307,1.40676,0.533065
-0.573666,1.01496,1.45629,0.56078
-0.672233,1.02598,1.38733,0.380797
-0.632851,0.862297,1.32823,0.492682
-0.663036,0.812489,1.23538,0.377993
-0.641634,0.701706,1.30578,0.47686
-0.666516,0.572118,1.2605,0.395371
-0.644191,0.631303,1.29845,0.33162
-0.702145,0.338728,1.40555,0.21697
-0.649293,0.475458,1.43907,0.251396
-0.721712,0.578747,1.44358,0.54093
-0.678709,0.598798,1.49247,0.513445
-0.686054,0.710356,1.51842,0.638915
-0.690597,0.722912,1.54322,0.506805
-0.597011,0.822428,1.43686,0.567289
-0.632243,0.891528,1.29164,0.630448
-0.690319,1.02927,1.29849,0.372354
-0.708479,0.994828,1.33971,0.249043
-0.706137,0.998918,1.37615,0.362771
-0.583161,0.874665,1.40862,0.439394
-0.66802,0.742614,1.46414,0.362854
-0.644562,0.770717,1.38213,0.507646
-0.686791,0.771203,1.51727,0.459068
-0.697206,0.96557,1.52415,0.305954
-0.676216,0.948442,1.56258,0.309142
-0.614609,0.894698,1.51715,0.314004
-0.614609,0.894698,1.51715,0.314004
-0.621654,0.836544,1.59882,0.441743
-0.714618,1.08819,1.5817,0.544655
-0.677648,1.01925,1.68838,0.495771
-0.748834,0.862537,1.6676,0.4344
-0.76264,0.853522,1.69941,0.290275
-0.796003,0.844373,1.72365,0.248547
-0.738645,0.787916,1.60283,0.213639
-0.715404,0.65535,1.69612,0.296415
-0.683633,0.675229,1.63934,0.357346
-0.68864,0.774535,1.6114,0.198609
-0.662386,0.729547,1.52756,0.244122
-0.71329,0.902931,1.59145,0.475232
-0.727347,0.708463,1.52482,0.525447
-0.790846,0.53856,1.56222,0.426149
-0.63967,0.510243,1.38149,0.653906
-0.796288,0.564459,1.32801,0.690895
-0.796288,0.564459,1.32801,0.690895
-0.726809,0.451919,1.38082,0.51281
-0.622202,0.797364,1.66395,0.726589
-0.616446,1.03623,1.42703,0.811962
-0.689682,1.1595,1.18078,0.50458
-0.648538,1.09463,1.46331,0.5947
-0.643866,0.98825,1.39998,0.550669
-0.667353,0.967622,1.38885,0.512063
-0.658689,0.937347,1.36332,0.375191
-0.692132,0.857933,1.53495,0.481437
-0.687317,0.733091,1.54717,0.43384
-0.743811,0.555868,1.45665,0.649425
-0.811334,0.648187,1.40947,0.805511
-0.79818,0.725768,1.13167,0.847773
-0.683413,0.461478,1.22793,0.758371
-0.649063,0.497213,1.295,0.681143
-0.674258,0.702932,1.40772,0.591279
-0.658551,0.860648,1.45513,0.606509
-0.642421,0.895664,1.31831,0.726015
-0.642421,0.895664,1.31831,0.726015
-0.643041,0.829211,1.44192,0.603883
-0.664508,0.789122,1.404,0.477075
-0.608585,0.875536,1.23283,0.4288
-0.608585,0.875536,1.23283,0.4288
-0.607737,0.861259,1.16721,0.503778
-0.795214,1.01318,0.996035,0.605921
-0.580513,1.13719,0.988275,0.499335
-0.618388,0.980695,1.22452,0.657051
-0.640791,0.716821,1.12056,0.481517
-0.645142,0.665915,1.06988,0.429137
-0.707046,0.59324,0.975184,0.425364
-0.719724,0.896713,0.972512,0.629532
-0.719724,0.896713,0.972512,0.629532
-0.72956,0.685074,0.78042,0.383262
-0.623084,0.642701,0.913469,0.280788
-0.648926,0.629296,0.987922,0.219182
-0.623724,0.555279,1.06891,0.428606
-0.620896,0.50948,1.14216,0.493538
-0.739247,0.834839,1.22168,0.37352
-0.692882,0.678918,1.45866,0.341399
-0.675341,0.681584,1.464,0.413656
-0.716413,0.619575,1.50101,0.546635
-0.716413,0.619575,1.50101,0.546635
-0.731261,0.587833,1.53161,0.483815
-0.659918,0.866812,1.40864,0.431744
-0.61919,0.701292,1.31376,0.510273
-0.680128,0.572596,1.27344,0.572846
-0.771377,0.542888,1.30876,0.640648
-0.693663,0.848063,1.15746,0.501105
-0.666055,1.12018,0.902939,0.592727
-0.67523,1.19743,0.731558,0.646064
-0.594539,1.34519,0.793958,0.780169
-0.624222,1.25423,0.767626,0.721144
-0.596195,1.21512,0.834339,0.71904
-0.443492,1.2264,0.990676,0.644316
-0.5362,1.07065,0.938841,0.638752
-0.623405,1.09793,0.95316,0.852645
-0.699357,1.25686,0.955952,0.976186
-0.628765,1.21179,0.983434,0.98724
-0.536613,1.05432,1.00615,0.891228
-0.628102,1.07921,1.00356,0.918905
-0.61448,1.06763,1.03914,0.608028
-0.679357,1.01207,1.17403,0.528555
-0.753617,1.09385,1.17386,0.766749
-0.707391,1.04674,1.2831,0.846224
-0.737579,1.06814,1.25837,0.814969
-0.538294,1.21774,1.15366,0.48761
-0.561011,1.21096,1.05078,0.506769
-0.536019,1.30012,0.995415,0.661276
-0.554323,1.40049,0.781545,0.604896
-0.528822,1.34407,0.622635,0.846805
-0.676408,1.56478,0.926486,0.803393
-0.544695,1.26998,0.883518,0.782422
-0.455555,1.32934,0.785602,0.796302
-0.476091,1.3532,0.908183,0.674107
-0.60616,1.32864,0.988586,0.748776
-0.59977,1.31836,1.22207,0.580815
-0.603966,1.36772,1.02471,0.529142
-0.465153,1.51636,0.934462,0.615269
-0.56543,1.4039,0.866294,0.626154
-0.599968,1.33331,0.785862,0.789495
-0.680134,1.34739,0.782075,0.759093
-0.5327,1.32382,0.908288,0.7436
-0.614489,1.19493,0.882551,0.744556
-0.660573,0.992581,1.14749,0.881221
-0.640484,1.02544,1.21272,0.8184
-0.660204,1.03931,1.03513,0.748072
-0.80246,0.959984,1.02281,0.774727
-0.75753,0.98168,0.981456,0.787536
-0.75753,0.98168,0.981456,0.787536
-0.689778,0.973048,1.03304,0.725189
-0.6198,0.935124,1.08787,0.575761
-0.667304,0.734157,1.25486,0.388942
-0.68212,0.678234,1.39526,0.478334
-0.68212,0.678234,1.39526,0.478334
-0.689002,0.545283,1.35527,0.474389
-0.701469,0.879884,1.50693,0.525679
-0.701469,0.879884,1.50693,0.525679
-0.724402,0.809972,1.4458,0.595894
-0.658481,0.870069,1.45085,0.587901
-0.681605,0.921197,1.26342,0.576634
-0.661637,0.903733,1.20278,0.581173
-0.640312,0.937804,1.12106,0.797515
-0.551534,1.04165,1.23548,0.770047
-0.677166,1.14231,1.20545,0.798508
-0.821216,0.95075,1.12358,0.818988
-0.653826,1.05618,0.974006,0.865334
-0.577405,1.14104,1.00096,0.826963
-0.584675,1.36001,1.02812,0.817286
-0.592559,1.42241,1.12964,0.779847
-0.532989,1.35804,1.13055,0.672432
-0.585819,1.24707,1.10157,0.443267
-0.618571,1.11222,1.2124,0.525068
-0.671268,1.08546,1.21331,0.490241
-0.588527,1.0987,1.09277,0.511709
-0.658271,1.05414,1.14519,0.644652
-0.563708,1.04583,1.18124,0.476214
-0.698504,0.944223,1.02094,0.802954
-0.652367,0.845555,1.18806,0.785101
-0.611764,1.19433,1.11329,0.667786
-0.682055,1.07853,1.02551,0.711588
-0.628066,0.878586,1.25797,0.637299
-0.662384,1.00751,1.25665,0.760279
-0.598297,1.06364,1.44952,0.749259
-0.705106,1.22845,1.22275,0.836017
-0.656341,1.09188,1.11225,0.767531
-0.60915,1.07676,1.23439,0.464389
-0.718937,1.09801,1.38968,0.726872
-0.647651,1.02291,1.49245,0.49639
-0.687292,1.16757,1.50686,0.502183
-0.635533,1.17109,1.30115,0.535119
-0.577225,1.2124,1.24304,0.550455
-0.698798,1.30554,1.13798,0.350456
-0.508146,1.3068,1.14286,0.37784
-0.508146,1.3068,1.14286,0.37784
-0.508146,1.3068,1.14286,0.37784
-0.524183,1.34993,1.13788,0.317344
-0.577961,1.45403,0.981194,0.395358
-0.720399,1.32119,1.06068,0.572898
-0.771276,1.20217,1.15622,0.493429
-0.63219,0.994585,1.13678,0.424137
-0.654075,0.915037,1.04817,0.713007
-0.654712,0.630879,1.0301,0.691288
-0.605749,0.498377,1.09972,0.5368
-0.624615,0.388135,1.20715,0.450101
-0.651682,0.264435,1.26307,0.577995
-0.713382,0.18213,1.23055,0.512488
-0.57313,0.221475,1.13992,0.328683
-0.509865,0.263873,1.01176,0.430075
-0.525203,0.43957,1.00257,0.348741
-0.453052,0.35163,0.995459,0.358038
-0.538812,0.343202,0.890902,0.23126
-0.575348,0.501135,0.830019,0.337822
-0.633599,0.570896,0.868177,0.34848
-0.606969,0.670192,0.80142,0.387994
-0.496477,0.462911,0.70791,0.230159
-0.452334,0.35639,0.748811,0.114946
-0.365359,0.311875,0.784107,0.256424
-0.461081,0.172436,0.865069,0.307643
-0.337507,0.328601,0.836964,0.371018
-0.432042,0.126525,0.933538,0.312761
-0.499261,0.161609,1.07868,0.272031
-0.666717,0.157971,1.26324,0.195924
-0.542003,0.0827299,1.31309,0.343815
-0.607619,-0.00573821,1.33119,0.310483
-0.571645,-0.280693,1.27118,0.18362
-0.619099,-0.133563,1.30337,0.23059
-0.619099,-0.133563,1.30337,0.23059
-0.638854,-0.0963234,1.22647,0.261245
-0.638854,-0.0963234,1.22647,0.261245
-0.624455,-0.0380847,1.22702,0.437586
-0.658235,-0.10598,1.21934,0.480416
-0.624528,-0.117076,1.10266,0.444234
-0.65839,-0.235284,1.09286,0.310385
-0.657206,-0.281518,1.07011,0.358669
-0.619947,-0.328713,1.12532,0.310843
-0.615579,0.135631,0.938319,0.215397
-0.675874,0.388054,0.863461,0.00208131
-0.639726,0.195446,0.733723,-0.149625
-0.639726,0.195446,0.733723,-0.149625
-0.700904,0.243231,0.805807,-0.199136
-0.723227,0.164238,1.06171,-0.167369
-0.696643,0.314952,0.97589,0.0607208
-0.739165,0.308318,1.01324,0.0932352
-0.654595,-0.0099526,1.03767,-0.216669
-0.656581,-0.00419195,1.11247,-0.0301309
-0.747426,-0.164009,0.900402,-0.164304
-0.799536,0.0401723,0.973683,-0.313247
-0.799536,0.0401723,0.973683,-0.313247
-0.719365,-0.0946902,0.888344,-0.313957
-0.736938,-0.104141,0.633859,-0.306512
-0.75398,-0.3509,0.737972,-0.320238
-0.657564,-0.539054,0.881904,-0.322727
-0.657564,-0.539054,0.881904,-0.322727
-0.62269,-0.50217,0.978387,-0.30068
-0.696767,-0.25824,1.13199,0.00781517
-0.746365,-0.114584,1.05706,-0.0169304
-0.660514,-0.0729261,1.03948,-0.0619479
-0.618928,-0.0815355,1.09278,0.0326256
-0.62502,-0.027848,1.11181,0.0807203
-0.549816,0.0685642,1.06685,0.178231
-0.6527,0.168237,1.00169,0.118576
-0.576272,-0.0698135,1.01374,0.306364
-0.638124,-0.156553,1.18023,0.345126
-0.638124,-0.156553,1.18023,0.345126
-0.632655,-0.261356,1.19578,0.617077
-0.616528,-0.0878139,1.16053,0.485202
-0.663394,0.00729188,1.08573,0.469926
-0.657106,0.104673,1.18428,0.585579
-0.551799,0.151393,1.2654,0.665419
-0.656241,0.0623531,1.31035,0.835086
-0.666745,0.0522741,1.33266,0.751108
-0.68085,0.0611743,1.19125,0.579032
-0.626021,0.293765,1.1879,0.365559
-0.572981,0.397455,1.19683,0.33588
-0.672019,0.541861,1.11169,0.281777
-0.647053,0.599117,1.14605,0.341279
-0.682117,0.711725,1.0532,0.479468
-0.707375,0.757024,1.16477,0.312249
-0.707375,0.757024,1.16477,0.312249
-0.667611,0.864739,1.07245,0.483358
-0.687906,0.677874,0.939451,0.472493
-0.69472,0.519027,1.20234,0.303128
-0.643875,0.687033,1.27967,0.277731
-0.652051,0.922583,1.32655,0.342225
-0.709635,0.890718,1.42113,0.366323
-0.709858,0.908363,1.36026,0.305564
-0.598759,0.796783,1.19292,0.418504
-0.598759,0.796783,1.19292,0.418504
-0.690138,0.859509,1.1618,0.367809
-0.702709,0.874714,1.10544,0.413047
-0.701993,0.911247,1.06686,0.53514
-0.678991,1.03293,1.17287,0.559738
-0.526747,0.960921,1.05751,0.616928
-0.583116,0.94154,1.2517,0.611485
-0.675082,0.594037,1.26531,0.518166
-0.770759,0.815884,1.03026,0.464291
-0.640488,0.784781,1.1612,0.41537
-0.63036,0.61304,1.26833,0.630778
-0.687389,0.564575,1.3327,0.467085
-0.641434,0.557868,1.40187,0.488976
-0.566855,0.434338,1.40341,0.499755
-0.576576,0.390855,1.31253,0.482397
-0.612932,0.517111,1.36608,0.567247
-0.680323,0.416125,1.37017,0.272914
-0.748287,0.461249,1.35259,0.419199
-0.654649,0.582994,0.997412,0.191645
-0.702969,0.597863,0.988733,0.246393
-0.629681,0.625494,0.962602,0.317673
-0.78138,0.77852,0.839371,0.49707
-0.694196,0.669127,0.827033,0.427296
-0.652947,0.733091,0.916108,0.413072
-0.595678,0.759426,0.91703,0.562505
-0.651646,0.680307,0.907506,0.520417
-0.501763,0.538955,0.632941,0.469928
-0.560702,0.69807,1.09931,0.52014
-0.69377,0.382627,1.1613,0.558926
-0.546361,0.317846,1.16167,0.693924
-0.519665,0.294277,1.16539,0.571991
-0.646264,0.283905,1.1851,0.68102
-0.547927,0.388668,1.17555,0.615684
-0.520437,0.427258,1.06787,0.51307
-0.615199,0.523018,1.06968,0.653079
-0.643606,0.531684,1.05843,0.644148
-0.513824,0.612082,1.06886,0.669144
-0.542519,0.575579,1.01848,0.615687
-0.720491,0.75418,0.877326,0.551123
-0.748611,0.997584,0.828305,0.63844
-0.5676,1.07957,1.18341,0.720731
-0.658919,1.11443,0.824628,0.604862
-0.67097,0.981065,0.967288,0.682068
-0.760039,0.974807,0.911981,0.536298
-0.784908,0.905289,0.849734,0.501886
-0.569339,1.02909,1.05251,0.678891
-0.653889,0.973655,0.965649,0.638648
-0.676825,1.01403,0.972482,0.567707
-0.764045,1.03288,1.03607,0.48271
-0.76568,1.06174,1.096,0.481921
-0.76568,1.06174,1.096,0.481921
-0.712192,1.04527,1.12143,0.612291
-0.723622,0.864484,1.04686,0.644719
-0.620082,0.642358,1.02081,0.649961
-0.718082,0.796224,0.971035,0.583535
-0.619641,0.681422,0.870882,0.612323
-0.658342,0.465031,0.832915,0.72544
-0.658342,0.465031,0.832915,0.72544
-0.589543,0.577072,0.53156,0.558569
-0.589543,0.577072,0.53156,0.558569
-0.589543,0.577072,0.53156,0.558569
-0.819997,0.79899,0.621051,0.594203
-0.70792,0.808148,0.502562,0.67007
-0.688538,0.662175,0.477589,0.7312
-0.655979,0.634572,0.444406,0.559164
-0.653535,0.583632,0.445104,0.533483
-0.605234,0.492906,0.321532,0.2616
-0.605234,0.492906,0.321532,0.2616
-0.728096,0.684909,0.305009,0.415757
-0.616281,0.669579,0.270332,0.0380811
-0.719235,0.7918,0.568953,0.224501
-0.688433,0.618651,0.234313,0.181378
-0.72429,0.532173,0.0984288,0.391253
-0.595414,0.635984,0.0726961,0.651879
-0.607922,0.726548,0.0371781,0.736182
-0.648479,0.760639,-0.100455,0.697389
-0.611188,0.674311,-0.0391814,0.7258
-0.654851,0.639673,-0.218861,0.737648
-0.540279,1.0058,-0.159467,0.634113
-0.548071,1.03897,-0.192912,0.546956
-0.548071,1.03897,-0.192912,0.546956
-0.510944,0.950481,-0.0380254,0.626492
-0.541624,0.806815,-0.0314367,0.480373
-0.561027,0.81992,-0.0319365,0.437848
-0.525811,0.926401,0.130289,0.568718
-0.583474,0.969708,0.227692,0.491198
-0.630966,0.710993,0.431934,0.436784
-0.590411,0.640044,0.509883,0.47961
-0.61811,0.544818,0.664916,0.303767
-0.592669,0.605009,0.691042,0.273397
-0.692381,0.558816,0.758596,0.252958
-0.692381,0.558816,0.758596,0.252958
-0.615775,0.589313,0.796655,0.250081
-0.668828,0.475422,0.99078,0.29348
-0.470264,0.301046,0.878475,0.218854
-0.470264,0.301046,0.878475,0.218854
-0.503267,0.153405,1.08566,0.131787
-0.67208,0.127319,1.10276,0.158096
-0.623088,0.0614487,1.09214,0.17538
-0.619088,0.0907529,1.08635,0.121041
-0.599947,0.181426,1.05369,0.175964
-0.717143,-0.0286877,1.2378,0.398825
-0.703238,-0.0483878,1.1603,0.474646
-0.651491,-0.228877,1.20988,0.675358
-0.676109,-0.285854,1.17302,0.588831
-0.641518,-0.330412,1.13627,0.550241
-0.594825,-0.313789,1.11861,0.480769
-0.643747,-0.401055,1.20717,0.500552
-0.724227,-0.203436,1.19251,0.337719
-0.72773,-0.255574,0.968895,-0.134854
-0.756103,-0.275801,1.16459,-0.0616768
-0.781032,-0.136082,1.11924,-0.109597
-0.708185,-0.232464,1.05409,0.0733425
-0.638419,-0.0783468,1.1161,0.0967693
-0.691159,0.0110586,0.975124,0.0616745
-0.614421,-0.236428,1.1809,0.308079
-0.627111,-0.170958,1.15262,0.353991
-0.634157,-0.249697,0.967828,0.202955
-0.628639,-0.0980914,1.02535,0.180671
-0.618103,0.112283,1.16646,0.412742
-0.613582,-0.112335,0.995321,0.517357
-0.505843,-0.0278312,1.18013,0.449156
-0.671281,-0.117812,1.16314,0.452549
-0.633825,-0.0288481,1.15476,0.466675
-0.648427,0.189926,1.18643,0.496487
-0.656542,0.151416,1.1688,0.682808
-0.627685,0.118301,1.13859,0.422561
-0.627685,0.118301,1.13859,0.422561
-0.570064,-0.0633304,0.936399,0.3848
-0.641112,-0.248433,1.0246,0.292191
-0.720806,-0.175879,0.983475,0.457413
-0.56853,-0.285614,0.901945,0.535975
-0.589926,-0.21782,1.00937,0.374744
-0.631343,-0.371248,1.1347,0.410692
-0.666772,-0.404759,1.23117,0.454151
-0.666772,-0.404759,1.23117,0.454151
-0.641579,-0.418764,1.23286,0.475278
-0.635109,-0.260654,1.29601,0.443895
-0.574277,-0.328951,1.30608,0.423285
-0.670846,-0.27254,1.21569,0.664631
-0.690327,-0.00926413,1.28709,0.754831
-0.70265,-0.0861686,1.19316,0.844087
-0.736274,-0.0289961,1.215,0.734102
-0.684763,0.155476,1.03566,0.713164
-0.665034,0.257481,1.17951,0.680167
-0.657028,0.42244,1.15903,0.560026
-0.499319,0.555895,0.937137,0.469511
-0.618791,0.675271,1.01002,0.535073
-0.715593,0.701864,0.849541,0.563988
-0.636688,0.621981,0.698673,0.446136
-0.622511,0.567223,0.604465,0.470004
-0.634892,0.580449,0.5259,0.378876
-0.429971,0.473787,0.548376,0.233202
-0.507988,0.410269,0.663413,0.0861237
-0.468396,0.349672,0.532026,0.186343
-0.439342,0.274557,0.54896,0.227416
-0.470945,0.363218,0.47454,0.332498
-0.536872,0.347652,0.36377,0.347363
-0.478797,0.408889,0.43338,0.423187
-0.664578,0.679074,0.325574,0.348178
-0.66102,0.772515,0.438301,0.518686
-0.612475,0.770169,0.53651,0.489117
-0.585992,0.60957,0.713122,0.527135
-0.647495,0.658259,0.766854,0.552054
-0.598584,0.629551,0.875699,0.493642
-0.533344,0.448756,0.794209,0.675126
-0.515087,0.565099,0.945788,0.565484
-0.676438,0.762367,0.959789,0.662499
-0.696956,0.716874,1.01312,0.562454
-0.562185,0.610754,0.776621,0.499523
-0.562185,0.610754,0.776621,0.499523
-0.553748,0.562055,0.804695,0.467779
-0.61998,0.631906,0.789577,0.54458
-0.64213,0.663889,0.616571,0.44365
-0.573238,0.62732,0.637613,0.441057
-0.662193,0.658991,0.798536,0.446077
-0.670143,0.64443,0.632928,0.515343
-0.740868,0.78128,0.798746,0.486964
-0.814425,1.08532,0.897891,0.736275
-0.742932,1.03152,0.925568,0.729106
-0.675962,1.12159,0.938247,0.642955
-0.558637,1.20124,1.0296,0.772379
-0.687458,0.801265,1.23201,0.680951
-0.795554,0.85386,1.12009,0.59932
-0.685513,0.960521,1.14762,0.680562
-0.574341,1.20959,1.18995,0.481041
-0.726464,0.957243,1.39323,0.201117
-0.767399,0.966403,1.385,0.26014
-0.67452,0.943076,1.67124,0.315951
-0.685002,1.00974,1.69972,0.36755
-0.685002,1.00974,1.69972,0.36755
-0.664763,1.01864,1.58017,0.38774
-0.614553,0.772706,1.5144,0.36574
-0.637974,0.620542,1.57172,0.379098
-0.713229,0.800022,1.5464,0.53481
-0.661097,0.67317,1.44449,0.505814
-0.664639,0.677857,1.32956,0.522635
-0.676495,0.68024,1.33448,0.583189
-0.641425,0.844085,1.2889,0.704779
-0.620338,0.641609,1.03682,0.512278
-0.619021,0.71783,0.993196,0.525508
-0.703969,0.673971,1.08155,0.544875
-0.703969,0.673971,1.08155,0.544875
-0.704079,0.904803,1.1403,0.632188
-0.698308,0.88478,1.30052,0.551301
-0.689904,0.789354,1.15023,0.563795
-0.730323,0.863954,1.11523,0.533463
-0.628135,0.628401,1.07023,0.526608
-0.561225,0.406281,1.23668,0.356751
-0.644771,0.292384,1.25792,0.399557
-0.65502,0.157073,1.38719,0.611776
-0.840867,0.406899,1.5119,0.570688
-0.840867,0.406899,1.5119,0.570688
-0.827161,0.361553,1.53264,0.54102
-0.706541,0.1922,1.43873,0.541143
-0.52919,0.270637,1.33346,0.462407
-0.556363,0.259193,1.30652,0.389816
-0.651387,0.404045,1.2207,0.355686
-0.530435,0.371532,1.09166,0.439758
-0.689301,0.328715,1.30729,0.559278
-0.607708,0.395421,1.15044,0.610884
-0.607708,0.395421,1.15044,0.610884
-0.550941,0.53993,1.00124,0.660931
-0.534186,0.546487,1.11202,0.357786
-0.598189,0.549778,1.17481,0.447414
-0.583923,0.607144,1.07121,0.498128
-0.591829,0.554169,1.22975,0.584009
-0.66395,0.467003,1.21202,0.649359
-0.643828,0.43539,1.27152,0.594853
-0.663969,0.545857,1.25774,0.629013
-0.663969,0.545857,1.25774,0.629013
-0.702031,0.583699,1.1754,0.62887
-0.627591,0.552414,1.11944,0.565995
-0.529844,0.345769,1.1958,0.532362
-0.554869,0.284157,1.14413,0.586296
-0.609747,0.380831,1.22905,0.614812
-0.609448,0.141366,1.20979,0.553106
-0.624507,0.268371,1.20047,0.672211
-0.624507,0.268371,1.20047,0.672211
-0.620964,0.220691,1.07817,0.714344
-0.685266,0.225343,0.972058,0.876317
-0.551997,0.261401,1.02998,0.602117
-0.58103,0.278636,1.06709,0.713187
-0.562495,0.244293,0.849081,0.714235
-0.561749,0.397596,1.10481,0.490938
-0.52238,0.329722,1.15895,0.457537
-0.47016,0.337703,1.01016,0.558607
-0.684051,0.511035,0.909391,0.675775
-0.665974,0.354566,1.07695,0.705387
-0.42699,0.306791,0.938469,0.586104
-0.422218,0.36433,0.849298,0.635226
-0.407469,0.27423,0.709163,0.647988
-0.480594,0.434842,0.840567,0.595626
-0.679959,0.85073,0.976695,0.493346
-0.760425,0.998839,0.971292,0.551864
-0.537086,1.42557,1.09005,0.771647
-0.512498,1.35852,1.21947,0.750734
-0.595582,1.39617,1.19184,0.640505
-0.515232,1.30677,1.22467,0.605053
-0.504201,1.32362,1.18136,0.589717
-0.612177,1.41437,1.16363,0.549143
-0.684235,1.26285,1.19284,0.312964
-0.695682,1.12086,1.37202,0.303677
-0.715229,1.10362,1.11244,0.547042
-0.448012,1.15018,1.10119,0.915702
-0.652763,1.30829,0.811447,1.03061
-0.632653,1.37979,0.732476,1.02737
-0.49771,1.38798,0.894657,0.879746
-0.626421,1.53332,0.859875,0.657318
-0.584496,1.40961,0.735822,0.784811
-0.584496,1.40961,0.735822,0.784811
-0.550183,1.31809,0.857064,0.801097
-0.640288,1.18059,0.795691,0.773978
-0.685838,1.17886,0.89149,0.673347
-0.688712,1.12359,1.05712,0.755837
-0.624236,1.0533,1.05787,0.811125
-0.550021,1.12001,0.961861,0.82992
-0.51236,1.15769,1.1955,0.765602
-0.449294,1.19312,1.0231,0.726669
-0.628039,1.33634,1.18849,0.723484
-0.663532,1.24883,0.947938,0.936526
-0.580461,1.21774,1.00962,0.99597
-0.604931,1.08918,1.00719,0.75328
-0.510095,1.03022,1.02728,0.688868
-0.612476,1.22563,1.13218,0.58398
-0.617224,1.01848,1.1762,0.81088
-0.753705,1.07059,1.0405,0.729799
-0.629378,1.09734,1.06591,0.822294
-0.633488,0.783184,1.03267,0.611246
-0.702931,0.721094,1.06265,0.700481
-0.685702,0.874476,1.1411,0.682735
-0.66676,0.853863,1.19074,0.540404
-0.654117,0.699977,1.25393,0.483391
-0.710563,0.7732,1.18238,0.385741
-0.688513,0.910192,0.957938,0.535072
-0.736736,0.824668,1.03708,0.378418
-0.76345,0.89724,1.13332,0.542947
-0.720704,0.775788,1.0399,0.610364
-0.772009,0.850015,1.03762,0.607735
-0.79301,0.67981,0.720523,0.714314
-0.783576,0.804324,0.853713,0.731763
-0.779229,0.836095,0.884542,0.626406
-0.845198,0.854498,0.907594,0.429354
-0.697077,0.705394,1.1327,0.566322
-0.76412,0.706906,1.07709,0.629375
-0.740209,0.860499,1.09452,0.449955
-0.754262,0.953793,1.00683,0.451327
-0.684009,1.05878,0.913019,0.486186
-0.534483,1.26647,0.808797,0.540051
-0.547787,1.41679,0.772712,0.42131
-0.52674,1.29918,0.676472,0.535528
-0.626722,1.49885,1.19181,0.497077
-0.638169,1.44503,1.15935,0.524831
-0.67967,1.24645,1.05217,0.456401
-0.678363,1.13053,1.10293,0.463763
-0.476801,1.22647,1.11304,0.736617
-0.580479,1.26163,0.885967,0.713724
-0.521993,1.4516,0.755035,0.870116
-0.572608,1.48205,0.855971,0.635859
-0.627962,1.5928,0.861754,0.497135
-0.551037,1.57162,0.861892,0.496218
-0.602235,1.57983,0.844859,0.645592
-0.607395,1.41142,0.815941,0.491091
-0.63269,1.66599,0.747448,0.433058
-0.685941,1.52946,1.03936,0.424438
-0.692755,1.47913,0.992062,0.453016
-0.62598,1.5301,0.924417,0.370561
-0.648412,1.56885,0.975028,0.509959
-0.50252,1.39805,0.824972,0.372808
-0.543709,1.48854,0.697272,0.171615
-0.575987,1.28822,0.693241,0.166457
-0.67093,1.45985,0.795759,0.125012
-0.599222,1.52181,0.688986,0.218205
-0.645297,1.59993,0.973099,0.326428
-0.573899,1.48967,0.806714,0.360841
-0.659035,1.33566,0.888493,0.403197
-0.625552,1.32153,0.824315,0.398748
-0.634243,1.3184,0.849161,0.322027
-0.587805,1.36198,0.702892,0.368117
-0.630022,1.46252,1.02002,0.504408
-0.632985,1.58781,0.982711,0.546419
-0.61307,1.27464,1.0032,0.693356
-0.559691,1.42355,0.802833,0.592792
-0.593076,1.33786,0.734193,0.515127
-0.583516,1.44202,0.748349,0.283256
-0.583516,1.44202,0.748349,0.283256
-0.682142,1.26454,0.874061,0.465879
-0.629664,1.48571,0.85498,0.269098
-0.598698,1.47486,0.903637,0.390167
-0.642208,1.56473,0.910338,0.450487
-0.612976,1.58469,0.85321,0.254329
-0.652136,1.68307,0.91509,0.227981
-0.675748,1.66079,0.843627,0.418983
-0.507365,1.40454,0.669618,0.347263
-0.588885,1.23717,0.829419,0.432211
-0.70937,1.16266,0.771017,0.479125
-0.602467,1.22518,0.795259,0.694082
-0.54095,1.29916,0.69632,0.765501
-0.52664,1.30804,0.528072,0.641631
-0.563664,1.26098,0.501054,0.644068
-0.538536,1.28302,0.317138,0.762297
-0.509876,1.39038,0.453221,0.729398
-0.595016,1.23488,0.394467,0.731679
-0.593067,1.14307,0.418611,0.551439
-0.546896,1.18295,0.442556,0.58974
-0.761735,1.09767,0.602875,0.342199
-0.665316,1.17634,0.737069,0.264067
-0.593758,1.20871,0.735282,0.347977
-0.573931,1.32413,0.677865,0.262815
-0.557904,1.38933,0.750153,0.223343
-0.657261,1.24178,0.786658,0.338599
-0.668318,1.08404,0.998643,0.491234
-0.598945,1.15309,1.1918,0.497047
-0.665431,1.14683,1.06175,0.536255
-0.633845,1.06272,1.26937,0.630601
-0.620862,1.00213,1.16114,0.738644
-0.552668,0.968508,1.2286,0.693101
-0.63043,1.23773,1.18905,0.723776
-0.629556,0.875378,1.1901,0.52598
-0.649748,1.14672,1.29481,0.74666
-0.686827,1.28704,1.2842,0.784677
-0.544439,1.32822,1.23101,0.889894
-0.544439,1.32822,1.23101,0.889894
-0.462907,1.35548,0.984328,0.841069
-0.535833,1.26093,1.10895,0.717861
-0.655567,1.25581,0.784353,0.879401
-0.534044,1.28787,0.956364,1.01046
-0.636344,1.22344,0.949211,0.775914
-0.712817,1.2174,1.00019,0.621452
-0.728157,1.03519,1.07521,0.877898
-0.70448,1.03638,1.01156,0.849904
-0.643436,0.921334,1.13554,0.601643
-0.689952,1.02083,1.02077,0.738206
-0.719651,0.918923,1.30287,0.795216
-0.742905,0.778664,1.30123,0.658845
-0.668214,1.05841,1.27706,0.817893
-0.673037,1.10985,1.20271,0.874491
-0.643066,1.2248,1.00653,0.681361
-0.550644,1.19295,1.123,0.949608
-0.534258,1.11229,1.08723,0.818797
-0.658175,1.53853,1.1718,0.653194
-0.641207,1.52271,1.12179,0.392401
-0.607927,1.49259,1.05192,0.487878
-0.604238,1.62462,0.88482,0.578641
-0.58825,1.58592,0.969801,0.53381
-0.52274,1.43202,0.919629,0.468606
-0.647079,1.0978,1.22443,0.689679
-0.632456,1.01651,1.29653,0.652691
-0.562388,0.953882,1.02131,0.670223
-0.64853,1.08978,1.08335,0.770539
-0.50116,1.57854,1.06513,0.564133
-0.6414,1.587,1.19555,0.657757
-0.629776,1.53918,0.999144,0.815466
-0.521348,1.50739,0.99048,0.855384
-0.487039,1.53246,0.91641,0.762261
-0.499012,1.47871,0.597363,0.873676
-0.45948,1.31178,0.78976,0.879865
-0.478984,1.29174,0.78903,0.872148
-0.553429,1.27665,0.609691,0.677254
-0.663269,1.31953,0.662276,0.816785
-0.708995,1.15003,0.809336,0.568047
-0.751756,1.24745,0.804219,0.665715
-0.709202,1.22132,0.85903,0.508338
-0.763739,1.29516,0.986666,0.451806
-0.725775,1.08151,0.947438,0.561071
-0.766179,0.911394,1.11517,0.822871
-0.748811,0.882554,1.37086,0.784204
-0.671955,0.974934,1.31586,0.897618
-0.680979,1.02269,1.26963,0.874772
-0.716993,0.882553,1.30111,0.771805
-0.681837,0.968421,1.32333,0.805037
-0.640156,1.07973,1.30859,0.812628
-0.619829,0.905278,1.13142,0.660032
-0.699513,0.949144,1.28455,0.911109
-0.694328,0.930709,1.06743,0.84908
-0.611338,1.15318,0.921778,0.782964
-0.569445,1.1564,1.05924,0.765382
-0.708478,1.12858,1.24444,0.559579
-0.727434,1.19748,1.13646,0.586864
-0.777996,1.12293,1.07638,0.53923
-0.696825,1.09362,1.08391,0.487595
-0.528659,1.37055,1.12631,0.679689
-0.575391,1.16287,0.794803,0.482947
-0.659471,1.15748,0.922151,0.534168
-0.534538,1.18443,0.968448,0.609601
-0.562639,1.39366,1.06109,0.576143
-0.598797,0.962588,1.34395,0.457216
-0.591454,1.00594,1.19925,0.368857
-0.663936,0.942542,1.38291,0.335198
-0.653834,0.883689,1.4757,0.381752
-0.637562,0.483514,1.38924,0.640422
-0.683447,0.439527,1.30276,0.634435
-0.693314,0.374675,1.21778,0.501502
-0.704571,0.509226,1.22368,0.644586
-0.656817,0.553882,1.26,0.529707
-0.703323,0.661508,1.38784,0.557928
-0.773226,0.730589,1.28381,0.745072
-0.584189,0.618144,1.41464,0.473883
-0.670098,0.534432,1.37658,0.449748
-0.646537,0.880095,1.37062,0.689457
-0.642827,0.632436,1.42869,0.642965
-0.642827,0.632436,1.42869,0.642965
-0.762524,0.653207,1.42798,0.854602
-0.530632,0.856979,1.29332,0.740162
-0.583952,0.756261,1.37085,0.780673
-0.65482,0.979478,1.19641,0.816792
-0.60909,1.27298,1.38303,0.736873
-0.663135,1.36771,1.35865,0.715445
-0.598025,1.31358,1.22607,0.890989
-0.569914,1.12978,1.09865,0.798883
-0.544123,1.26136,1.01474,0.643212
-0.68632,1.21281,1.05705,0.831236
-0.618736,1.18503,1.04497,0.873177
-0.699958,1.11684,1.05919,0.770795
-0.698113,1.00683,0.931524,0.747936
-0.628764,1.07148,0.98305,0.681092
-0.630172,1.19105,1.01001,0.548327
-0.533553,1.24612,0.883276,0.565494
-0.623035,1.17425,1.13599,0.578825
-0.687624,1.09585,1.05106,0.423826
-0.60235,1.09454,1.30081,0.732204
-0.637523,1.05206,1.13296,0.612145
-0.533778,1.15081,1.03159,0.623554
-0.544093,0.956891,1.14132,0.549695
-0.590561,0.725384,1.05475,0.618193
-0.651154,0.628713,1.10854,0.49498
-0.726307,0.782374,1.23026,0.742081
-0.634925,0.85663,1.07329,0.67778
-0.509584,1.02422,1.25954,0.677911
-0.536381,1.26729,1.15972,0.659427
-0.631418,1.36022,1.22549,0.683456
-0.609092,1.42842,0.991602,0.588567
-0.512112,1.21819,0.970422,0.651262
-0.660543,1.30353,0.835218,0.807651
-0.627778,1.33121,1.05018,0.775794
-0.586941,1.03658,1.03564,0.681968
-0.617465,0.885202,1.03337,0.579825
-0.518808,1.03045,0.85037,0.803658
-0.511085,1.13329,0.737051,0.571211
-0.482651,1.24165,0.457562,0.372006
-0.492899,1.30504,0.47187,0.25875
-0.596393,1.15315,0.549774,0.386524
-0.580756,1.29255,0.596506,0.456033
-0.575361,1.2093,0.744517,0.433893
-0.568895,1.22533,0.656107,0.443303
-0.710149,1.26697,0.784743,0.48322
-0.663907,0.915204,1.01591,0.745505
-0.66801,0.826792,1.25916,0.56719
-0.713799,0.752941,1.30673,0.657699
-0.678719,0.503412,1.26446,0.641237
-0.663504,0.661587,1.37758,0.575593
-0.700722,0.710002,1.44305,0.573732
-0.670715,0.700634,1.30232,0.557259
-0.727519,0.728073,1.13368,0.555068
-0.74704,0.735527,1.10839,0.636693
-0.723231,0.84858,1.08311,0.590493
-0.694036,0.800551,1.03205,0.697519
-0.606819,0.583805,0.909161,0.437586
-0.508316,0.528162,0.973441,0.437577
-0.599419,0.525687,1.01302,0.51988
-0.68894,0.732836,1.23851,0.577546
-0.73888,0.931687,1.08158,0.452714
-0.700925,0.861679,1.2384,0.383893
-0.681902,0.698717,1.26645,0.607344
-0.739668,0.72977,1.1361,0.670324
-0.697848,0.734617,0.963808,0.639504
-0.670443,0.91175,1.09337,0.691019
-0.695431,0.883845,1.11403,0.639306
-0.766442,0.796609,1.10687,0.709089
-0.597227,0.845078,1.21444,0.660825
-0.719061,0.826071,1.2997,0.64459
-0.708813,0.677574,1.3955,0.664835
-0.708813,0.677574,1.3955,0.664835
-0.646926,0.604468,1.33705,0.627413
-0.636149,0.528313,1.33792,0.570416
-0.636149,0.528313,1.33792,0.570416
-0.674615,0.538007,1.25689,0.379858
-0.580376,0.692903,1.20295,0.492846
-0.650017,0.588697,1.24283,0.530779
-0.523268,0.589635,0.927813,0.518794
-0.582091,0.490186,0.919553,0.620179
-0.604517,0.62736,0.836085,0.616937
-0.496713,0.342727,0.988079,0.572784
-0.504813,0.137654,0.951811,0.574261
-0.396488,0.472351,0.921007,0.520238
-0.584236,0.396064,1.09511,0.532436
-0.640815,0.301422,1.14636,0.607597
-0.670687,0.506025,1.15559,0.57665
-0.579827,0.454234,1.04176,0.52786
-0.635321,0.488239,1.15621,0.355638
-0.661862,0.750506,1.21739,0.462359
-0.661862,0.750506,1.21739,0.462359
-0.690265,0.77408,1.07644,0.635219
-0.639379,1.04914,1.07488,0.61698
-0.764102,1.07401,0.981991,0.537028
-0.710201,0.986556,0.944034,0.546784
-0.702353,0.726649,0.834126,0.662309
-0.795151,0.818914,0.823924,0.667828
-0.909264,0.88944,0.948405,0.545292
-0.894344,0.830108,0.923006,0.457182
-0.622364,1.17601,1.01587,0.418842
-0.73682,1.06788,0.69108,0.52966
-0.767185,1.21092,0.752149,0.581702
-0.519948,1.28034,0.808953,0.597789
-0.586194,1.3079,0.831613,0.522915
-0.560713,1.3637,0.717824,0.5416
-0.625005,1.13334,0.527131,0.534311
-0.565246,1.15105,0.370252,0.632494
-0.624498,1.00269,0.210636,0.682
-0.53139,1.14677,0.360065,0.583175
-0.561518,1.2022,0.414748,0.558098
-0.58302,1.1044,0.366675,0.546908
-0.586786,1.13694,0.420715,0.582142
-0.45004,1.32214,0.27556,0.662871
-0.38893,1.12052,0.217509,0.497905
-0.486712,1.17947,0.378795,0.408471
-0.557796,1.02275,0.369648,0.349632
-0.56243,1.07518,0.4598,0.322424
-0.460311,1.26114,0.430448,0.529037
-0.430596,1.22,0.295794,0.595648
-0.530715,1.41878,0.191439,0.841004
-0.449289,1.50637,0.168061,0.705575
-0.409558,1.38178,0.197009,0.71786
-0.426503,1.32351,0.398245,0.59294
-0.453694,1.30273,0.402568,0.708417
-0.635879,1.05417,0.454083,0.64102
-0.79539,0.751111,0.663979,0.396461
-0.728258,0.6839,0.651746,0.65569
-0.709545,0.66843,0.466341,0.782121
-0.655564,0.775755,0.297821,0.560078
-0.687278,0.396809,0.208629,0.823686
-0.687278,0.396809,0.208629,0.823686
-0.66069,0.265577,0.21352,0.652607
-0.608071,0.345404,0.306322,0.611754
-0.499286,0.26323,0.350751,0.575167
-0.647624,0.424297,0.304505,0.63271
-0.654552,0.389202,0.176126,0.685716
-0.661244,0.313628,0.135365,0.666243
-0.692505,0.488822,0.154795,0.724953
-0.665772,0.348594,0.12827,0.775781
-0.589252,0.18293,0.133002,0.691526
-0.57989,0.289319,0.250105,0.602906
-0.609109,0.191461,0.330453,0.60355
-0.628372,0.211485,0.23657,0.688145
-0.60319,0.25275,0.386644,0.642493
-0.577605,0.168002,0.298578,0.595624
-0.658926,0.150526,0.148439,0.569161
-0.584352,0.153239,0.271032,0.437274
-0.730458,0.0275224,0.251989,0.248658
-0.668674,0.19873,0.370518,0.406869
-0.654949,0.0434827,0.259706,0.558544
-0.705693,-0.0849478,0.132582,0.623219
-0.76189,0.0448944,0.0857838,0.719376
-0.659775,-0.0956907,0.199566,0.647245
-0.584564,-0.122968,0.46876,0.202755
-0.647535,-0.1596,0.394651,0.155276
-0.522045,-0.0140726,0.493009,0.0500957
-0.641272,0.0815312,0.263198,0.146592
-0.548696,0.223462,0.397286,0.0250636
-0.5613,0.310202,0.533131,0.00725526
-0.639514,0.1584,0.784852,0.0740551
-0.606697,0.218159,0.903135,0.168128
-0.512355,0.253174,0.981103,0.189063
-0.614981,-0.0386157,0.89479,0.208464
-0.657266,-0.0529987,0.949049,0.142792
-0.58985,-0.00209451,1.02575,0.170305
-0.639563,0.0192599,0.967421,0.0695528
-0.525453,0.175173,0.989765,0.285827
-0.455729,0.299637,0.966112,0.327091
-0.43972,0.380157,0.88997,0.270004
-0.591541,0.456459,0.868826,0.18568
-0.605512,0.474178,0.800058,0.130575
-0.659038,0.493476,0.81861,0.134704
-0.612981,0.266181,0.993685,0.129569
-0.684967,0.131732,1.15582,-0.0369999
-0.750797,0.130721,1.17916,0.0309409
-0.728353,0.123911,1.16274,0.0465944
-0.71908,0.121812,1.1125,-0.0356779
-0.640505,0.0746109,1.03473,-0.167116
-0.61007,-0.269625,0.997995,-0.017586
-0.617199,-0.0312341,0.929757,0.179015
-0.599625,-0.230575,1.09206,0.282033
-0.615535,-0.234647,1.129,0.332945
-0.637632,-0.0793149,1.18022,0.363969
-0.603428,0.20249,1.20005,0.38775
-0.537503,0.207141,1.0792,0.212471
-0.589753,0.259231,1.10923,0.396022
-0.600452,0.367871,1.21253,0.529489
-0.664767,0.425877,1.39874,0.574355
-0.727731,0.496889,1.54322,0.462514
-0.789211,0.495183,1.67705,0.508376
-0.763956,0.611265,1.51418,0.601851
-0.763956,0.611265,1.51418,0.601851
-0.698643,0.805759,1.51328,0.617305
-0.698643,0.805759,1.51328,0.617305
-0.674059,0.861928,1.44247,0.593526
-0.604331,1.00409,1.26123,0.460206
-0.604331,1.00409,1.26123,0.460206
-0.642957,1.18419,1.21234,0.509393
-0.55093,1.07881,1.21229,0.548757
-0.669919,1.03238,1.20619,0.700359
-0.749895,0.92605,1.09767,0.623918
-0.642843,0.838462,1.19756,0.636406
-0.792329,0.825756,1.13091,0.73881
-0.799098,0.988749,0.964175,0.625348
-0.789778,0.941366,0.891326,0.531288
-0.657598,1.06708,0.941824,0.578226
-0.626885,1.07744,1.07353,0.602309
-0.629423,1.0734,1.04769,0.638674
-0.629423,1.0734,1.04769,0.638674
-0.711571,1.08917,0.954968,0.621155
-0.730552,0.954979,1.14529,0.607091
-0.615922,0.931228,1.17953,0.56082
-0.735887,1.15933,0.850106,0.679506
-0.700805,1.10021,0.688891,0.570381
-0.652029,1.09584,0.644792,0.549206
-0.486823,1.19969,0.53893,0.364588
-0.491954,1.20334,0.512624,0.329767
-0.462156,1.28267,0.468216,0.356655
-0.581284,1.18241,0.485517,0.4293
-0.531208,1.09411,0.448645,0.259311
-0.531208,1.09411,0.448645,0.259311
-0.541746,1.16782,0.502995,0.244876
-0.620321,1.18686,0.607567,0.297518
-0.620321,1.18686,0.607567,0.297518
-0.564215,0.99407,0.306016,0.351665
-0.564215,0.99407,0.306016,0.351665
-0.564215,0.99407,0.306016,0.351665
-0.588407,1.13564,0.485413,0.429818
-0.541275,1.082,0.419459,0.41727
-0.604924,0.993106,0.317418,0.357332
-0.604924,0.993106,0.317418,0.357332
-0.57208,1.00142,0.338228,0.341495
-0.529825,1.07955,0.404354,0.475986
-0.494564,1.16653,0.293694,0.257848
-0.389151,1.21623,0.0680073,0.120342
-0.366844,1.18895,-0.0717558,0.219623
-0.426669,1.14027,-0.000310986,0.0158275
-0.365682,1.39598,0.0612491,-0.0382072
-0.317297,1.22113,0.0912619,0.083389
-0.43884,1.28091,0.138893,0.123759
-0.492968,1.30751,0.0700342,-0.0771954
-0.395193,1.36947,0.244944,-0.010728
-0.431631,1.36807,0.103971,-0.0956919
-0.399286,1.3881,0.124231,-0.0732603
-0.396602,1.37494,0.218857,-0.0435625
-0.396602,1.37494,0.218857,-0.0435625
-0.423546,1.3773,0.215528,-0.105106
-0.485929,1.2361,0.208819,-0.227854
-0.493247,1.13296,0.15909,-0.011814
-0.385664,1.2951,0.176594,-0.0623075
-0.378195,1.36848,0.235465,-0.114844
-0.40032,1.37827,0.358996,0.115129
